Customer_ID,Age,Gender,City,Income,Spending_Score,Purchase_Amount,Join_Date,Purchased
C101,46,Male,Hyderabad,74700,79,4317,2024-02-08,Yes
C102,22,Female,Bangalore,76400,82,4454,2025-07-15,Yes
C103,,Male,Chennai,78100,85,4591,2024-12-22,Yes
C104,36,Female,Pune,,88,4728,2024-05-01,Yes
C105,43,male,bangalore,81500,91,4865,2025-10-08,Yes
C106,50,Female,Hyderabad,83200,,5002,2024-03-15,Yes
C107,120,Male,Bangalore,500000,33,5139,2024-08-22,Yes
C108,33,Female,Bangalore,86600,36,5276,2025-01-01,Yes
C109,40,Male,Pune,88300,39,5413,2024-06-08,Yes
C110,47,Female,Mumbai,90000,42,,2024-11-15,Yes
C111,23,Male,,91700,45,687,2025-04-22,Yes
C112,30,Female,Bangalore,93400,48,824,2024-09-01,Yes
C113,37,Male,Chennai,95100,51,961,2024-02-08,Yes
C114,44,Female,Pune,96800,54,1098,2025-07-15,Yes
C115,51,Male,Mumbai,33500,57,1235,2024-12-22,No
C116,27,Female,Hyderabad,35200,60,1372,2024-05-01,No
C117,34,Male,Bangalore,36900,63,1509,2025-10-08,No
C118,41,Female,Chennai,38600,66,1646,2024-03-15,No
C119,48,Male,Pune,40300,69,1783,2024-08-22,No
C120,24,Female,Mumbai,42000,72,1920,2025-01-01,Yes
C121,31,Male,Hyderabad,43700,75,2057,2024-06-08,Yes
C122,38,Female,Bangalore,45400,78,2194,2024-11-15,Yes
C123,45,Male,Chennai,47100,81,2331,2025-04-22,Yes
C124,21,Female,Pune,48800,84,2468,2024-09-01,Yes
C125,28,Male,Mumbai,50500,87,2605,2024-02-08,Yes
C126,35,Female,Hyderabad,52200,90,2742,2025-07-15,Yes
C127,42,Male,Bangalore,53900,93,2879,2024-12-22,Yes
C128,49,Female,Chennai,55600,32,3016,2024-05-01,No
C129,25,Male,Pune,57300,35,3153,2025-10-08,No
C130,32,Female,Mumbai,59000,38,3290,2024-03-15,No
C131,39,Male,Hyderabad,60700,41,3427,2024-08-22,Yes
C132,46,Female,Bangalore,62400,44,3564,2025-01-01,Yes
C133,22,Male,Chennai,64100,47,3701,2024-06-08,Yes
C134,29,Female,Pune,65800,50,3838,2024-11-15,Yes
C135,36,Male,Mumbai,67500,53,3975,2025-04-22,Yes
C136,43,Female,Hyderabad,69200,56,4112,2024-09-01,Yes
C137,50,Male,Bangalore,70900,59,4249,2024-02-08,Yes
C138,26,Female,Chennai,72600,62,4386,2025-07-15,Yes
C139,33,Male,Pune,74300,65,4523,2024-12-22,Yes
C140,40,Female,Mumbai,76000,68,4660,2024-05-01,Yes
C141,47,Male,Hyderabad,77700,71,4797,2025-10-08,Yes
C142,23,Female,Bangalore,79400,74,4934,2024-03-15,Yes
C143,30,Male,Chennai,81100,77,5071,2024-08-22,Yes
C144,37,Female,Pune,82800,80,5208,2025-01-01,Yes
C145,44,Male,Mumbai,84500,83,5345,2024-06-08,Yes
C146,51,Female,Hyderabad,86200,86,482,2024-11-15,Yes
C147,27,Male,Bangalore,87900,89,619,2025-04-22,Yes
C148,34,Female,Chennai,89600,92,756,2024-09-01,Yes
C149,41,Male,Pune,91300,95,893,2024-02-08,Yes
C150,48,Female,Mumbai,93000,34,1030,2025-07-15,Yes
C151,24,Male,Hyderabad,94700,37,1167,2024-12-22,Yes
C152,31,Female,Bangalore,96400,40,1304,2024-05-01,Yes
C153,38,Male,Chennai,33100,43,1441,2025-10-08,No
C154,45,Female,Pune,34800,46,1578,2024-03-15,No
C155,21,Male,Mumbai,36500,49,1715,2024-08-22,No
C156,28,Female,Hyderabad,38200,52,1852,2025-01-01,No
C157,35,Male,Bangalore,39900,55,1989,2024-06-08,No
C158,42,Female,Chennai,41600,58,2126,2024-11-15,No
C159,49,Male,Pune,43300,61,2263,2025-04-22,No
C160,25,Female,Mumbai,45000,64,2400,2024-09-01,No
C161,32,Male,Hyderabad,46700,67,2537,2024-02-08,No
C162,39,Female,Bangalore,48400,70,2674,2025-07-15,Yes
C163,46,Male,Chennai,50100,73,2811,2024-12-22,Yes
C164,22,Female,Pune,51800,76,2948,2024-05-01,Yes
C165,29,Male,Mumbai,53500,79,3085,2025-10-08,Yes
C166,36,Female,Hyderabad,55200,82,3222,2024-03-15,Yes
C167,43,Male,Bangalore,56900,85,3359,2024-08-22,Yes
C168,50,Female,Chennai,58600,88,3496,2025-01-01,Yes
C169,26,Male,Pune,60300,91,3633,2024-06-08,Yes
C170,33,Female,Mumbai,62000,94,3770,2024-11-15,Yes
C171,40,Male,Hyderabad,63700,33,3907,2025-04-22,Yes
C172,47,Female,Bangalore,65400,36,4044,2024-09-01,Yes
C173,23,Male,Chennai,67100,39,4181,2024-02-08,Yes
C174,30,Female,Pune,68800,42,4318,2025-07-15,Yes
C175,37,Male,Mumbai,70500,45,4455,2024-12-22,Yes
C176,44,Female,Hyderabad,72200,48,4592,2024-05-01,Yes
C177,51,Male,Bangalore,73900,51,4729,2025-10-08,Yes
C178,27,Female,Chennai,75600,54,4866,2024-03-15,Yes
C179,34,Male,Pune,77300,57,5003,2024-08-22,Yes
C180,41,Female,Mumbai,79000,60,5140,2025-01-01,Yes
C181,48,Male,Hyderabad,80700,63,5277,2024-06-08,Yes
C182,24,Female,Bangalore,82400,66,5414,2024-11-15,Yes
C183,31,Male,Chennai,84100,69,551,2025-04-22,Yes
C184,38,Female,Pune,85800,72,688,2024-09-01,Yes
C185,45,Male,Mumbai,87500,75,825,2024-02-08,Yes
C186,21,Female,Hyderabad,89200,78,962,2025-07-15,Yes
C187,28,Male,Bangalore,90900,81,1099,2024-12-22,Yes
C188,35,Female,Chennai,92600,84,1236,2024-05-01,Yes
C189,42,Male,Pune,94300,87,1373,2025-10-08,Yes
C190,49,Female,Mumbai,96000,90,1510,2024-03-15,Yes
C191,25,Male,Hyderabad,97700,93,1647,2024-08-22,Yes
C192,32,Female,Bangalore,34400,32,1784,2025-01-01,No
C193,39,Male,Chennai,36100,35,1921,2024-06-08,No
C194,46,Female,Pune,37800,38,2058,2024-11-15,No
C195,22,Male,Mumbai,39500,41,2195,2025-04-22,No
C196,29,Female,Hyderabad,41200,44,2332,2024-09-01,No
C197,36,Male,Bangalore,42900,47,2469,2024-02-08,No
C198,43,Female,Chennai,44600,50,2606,2025-07-15,No
C199,50,Male,Pune,46300,53,2743,2024-12-22,No
C200,26,Female,Mumbai,48000,56,2880,2024-05-01,No
C201,33,Male,Hyderabad,49700,59,3017,2025-10-08,No
C202,40,Female,Bangalore,51400,62,3154,2024-03-15,No
C203,47,Male,Chennai,53100,65,3291,2024-08-22,No
C204,23,Female,Pune,54800,68,3428,2025-01-01,No
C205,30,Male,Mumbai,56500,71,3565,2024-06-08,Yes
C206,37,Female,Hyderabad,58200,74,3702,2024-11-15,Yes
C207,44,Male,Bangalore,59900,77,3839,2025-04-22,Yes
C208,51,Female,Chennai,61600,80,3976,2024-09-01,Yes
C209,27,Male,Pune,63300,83,4113,2024-02-08,Yes
C210,34,Female,Mumbai,65000,86,4250,2025-07-15,Yes
C211,41,Male,Hyderabad,66700,89,4387,2024-12-22,Yes
C212,48,Female,Bangalore,68400,92,4524,2024-05-01,Yes
C213,24,Male,Chennai,70100,95,4661,2025-10-08,Yes
C214,31,Female,Pune,71800,34,4798,2024-03-15,Yes
C215,38,Male,Mumbai,73500,37,4935,2024-08-22,Yes
C216,45,Female,Hyderabad,75200,40,5072,2025-01-01,Yes
C217,21,Male,Bangalore,76900,43,5209,2024-06-08,Yes
C218,28,Female,Chennai,78600,46,5346,2024-11-15,Yes
C219,35,Male,Pune,80300,49,483,2025-04-22,Yes
C220,42,Female,Mumbai,82000,52,620,2024-09-01,Yes
C221,49,Male,Hyderabad,83700,55,757,2024-02-08,Yes
C222,25,Female,Bangalore,85400,58,894,2025-07-15,Yes
C223,32,Male,Chennai,87100,61,1031,2024-12-22,Yes
C224,39,Female,Pune,88800,64,1168,2024-05-01,Yes
C225,46,Male,Mumbai,90500,67,1305,2025-10-08,Yes
C226,22,Female,Hyderabad,92200,70,1442,2024-03-15,Yes
C227,29,Male,Bangalore,93900,73,1579,2024-08-22,Yes
C228,36,Female,Chennai,95600,76,1716,2025-01-01,Yes
C229,43,Male,Pune,97300,79,1853,2024-06-08,Yes
C230,50,Female,Mumbai,34000,82,1990,2024-11-15,Yes
C231,26,Male,Hyderabad,35700,85,2127,2025-04-22,Yes
C232,33,Female,Bangalore,37400,88,2264,2024-09-01,Yes
C233,40,Male,Chennai,39100,91,2401,2024-02-08,Yes
C234,47,Female,Pune,40800,94,2538,2025-07-15,Yes
C235,23,Male,Mumbai,42500,33,2675,2024-12-22,No
C236,30,Female,Hyderabad,44200,36,2812,2024-05-01,No
C237,37,Male,Bangalore,45900,39,2949,2025-10-08,No
C238,44,Female,Chennai,47600,42,3086,2024-03-15,No
C239,51,Male,Pune,49300,45,3223,2024-08-22,No
C240,27,Female,Mumbai,51000,48,3360,2025-01-01,No
C241,34,Male,Hyderabad,52700,51,3497,2024-06-08,No
C242,41,Female,Bangalore,54400,54,3634,2024-11-15,No
C243,48,Male,Chennai,56100,57,3771,2025-04-22,No
C244,24,Female,Pune,57800,60,3908,2024-09-01,No
C245,31,Male,Mumbai,59500,63,4045,2024-02-08,No
C246,38,Female,Hyderabad,61200,66,4182,2025-07-15,Yes
C247,45,Male,Bangalore,62900,69,4319,2024-12-22,Yes
C248,21,Female,Chennai,64600,72,4456,2024-05-01,Yes
C249,28,Male,Pune,66300,75,4593,2025-10-08,Yes
C250,35,Female,Mumbai,68000,78,4730,2024-03-15,Yes
C110,47,Female,Mumbai,90000,42,,2024-11-15,Yes
C150,48,Female,Mumbai,93000,34,1030,2025-07-15,Yes